time,sym,bid,ask,bsize,asize
0D14:53:10.473229000,AAPL,100,101,50,40
0D14:53:12.473229000,IBM,120,121,52,42