time,sym,bid,ask,bsize,asize
14:53:10.473229289,AAPL,100,101,50,40
14:53:12.473229298,IBM,120,121,52,42